AgencyController,com.anhtin.tmdt.backend.modules.agency.controller
AgencyDTO,com.anhtin.tmdt.backend.modules.agency.dto
AgencyPriceListRequest,com.anhtin.tmdt.backend.modules.agency.dto
AgencyRequest,com.anhtin.tmdt.backend.modules.agency.dto
AgencyWithAccountRequest,com.anhtin.tmdt.backend.modules.agency.dto
Agency,com.anhtin.tmdt.backend.modules.agency.entity
AgencyCustomerAssignment,com.anhtin.tmdt.backend.modules.agency.entity
AgencyPriceList,com.anhtin.tmdt.backend.modules.agency.entity
AgencyProduct,com.anhtin.tmdt.backend.modules.agency.entity
AgencyRanking,com.anhtin.tmdt.backend.modules.agency.entity
AgencyReview,com.anhtin.tmdt.backend.modules.agency.entity
AgencyStatus,com.anhtin.tmdt.backend.modules.agency.entity
AgencyStorePriceList,com.anhtin.tmdt.backend.modules.agency.entity
AgencyCustomerAssignmentRepository,com.anhtin.tmdt.backend.modules.agency.repository
AgencyPriceListRepository,com.anhtin.tmdt.backend.modules.agency.repository
AgencyProductRepository,com.anhtin.tmdt.backend.modules.agency.repository
AgencyRankingRepository,com.anhtin.tmdt.backend.modules.agency.repository
AgencyRepository,com.anhtin.tmdt.backend.modules.agency.repository
AgencyReviewRepository,com.anhtin.tmdt.backend.modules.agency.repository
AgencyStorePriceListRepository,com.anhtin.tmdt.backend.modules.agency.repository
AgencyService,com.anhtin.tmdt.backend.modules.agency.service
ChatController,com.anhtin.tmdt.backend.modules.chat.controller
ChatWebSocketController,com.anhtin.tmdt.backend.modules.chat.controller
ChatMessageRequest,com.anhtin.tmdt.backend.modules.chat.dto
ChatMessage,com.anhtin.tmdt.backend.modules.chat.entity
ChatRoom,com.anhtin.tmdt.backend.modules.chat.entity
ChatMessageRepository,com.anhtin.tmdt.backend.modules.chat.repository
ChatRoomRepository,com.anhtin.tmdt.backend.modules.chat.repository
ChatService,com.anhtin.tmdt.backend.modules.chat.service
FileUploadController,com.anhtin.tmdt.backend.modules.common.controller
AttributeDTO,com.anhtin.tmdt.backend.modules.common.dto
AttributeValueDTO,com.anhtin.tmdt.backend.modules.common.dto
BrandDTO,com.anhtin.tmdt.backend.modules.common.dto
CategoryDTO,com.anhtin.tmdt.backend.modules.common.dto
ChatMessageDTO,com.anhtin.tmdt.backend.modules.common.dto
ChatRoomDTO,com.anhtin.tmdt.backend.modules.common.dto
CustomerGroupDTO,com.anhtin.tmdt.backend.modules.common.dto
FacetedSearchResponse,com.anhtin.tmdt.backend.modules.common.dto
FacetGroupDTO,com.anhtin.tmdt.backend.modules.common.dto
FacetValueDTO,com.anhtin.tmdt.backend.modules.common.dto
LoyaltyPointDTO,com.anhtin.tmdt.backend.modules.common.dto
MessageResponse,com.anhtin.tmdt.backend.modules.common.dto
PriceAssignmentVoucherDTO,com.anhtin.tmdt.backend.modules.common.dto
PriceListDTO,com.anhtin.tmdt.backend.modules.common.dto
PriceListItemDTO,com.anhtin.tmdt.backend.modules.common.dto
PriceUpdateVoucherDTO,com.anhtin.tmdt.backend.modules.common.dto
ProductDTO,com.anhtin.tmdt.backend.modules.common.dto
PromotionDTO,com.anhtin.tmdt.backend.modules.common.dto
ReviewDTO,com.anhtin.tmdt.backend.modules.common.dto
SenderType,com.anhtin.tmdt.backend.modules.common.entity
VoucherStatus,com.anhtin.tmdt.backend.modules.common.entity
FileStorageService,com.anhtin.tmdt.backend.modules.common.service
SchemaUpdateService,com.anhtin.tmdt.backend.modules.common.service
DatabaseFixConfig,com.anhtin.tmdt.backend.modules.credit.config
AgencyDebtController,com.anhtin.tmdt.backend.modules.credit.controller
CreditController,com.anhtin.tmdt.backend.modules.credit.controller
AgencyCreditSummaryDTO,com.anhtin.tmdt.backend.modules.credit.dto
AgencyDebtDTO,com.anhtin.tmdt.backend.modules.credit.dto
CreditDetailResponse,com.anhtin.tmdt.backend.modules.credit.dto
CreditOrderRequest,com.anhtin.tmdt.backend.modules.credit.dto
CreditTermsRequest,com.anhtin.tmdt.backend.modules.credit.dto
PaymentRequest,com.anhtin.tmdt.backend.modules.credit.dto
AgencyDebt,com.anhtin.tmdt.backend.modules.credit.entity
AgentCredit,com.anhtin.tmdt.backend.modules.credit.entity
CreditLedger,com.anhtin.tmdt.backend.modules.credit.entity
OverdueDebt,com.anhtin.tmdt.backend.modules.credit.entity
AgencyDebtRepository,com.anhtin.tmdt.backend.modules.credit.repository
AgentCreditRepository,com.anhtin.tmdt.backend.modules.credit.repository
CreditLedgerRepository,com.anhtin.tmdt.backend.modules.credit.repository
OverdueDebtRepository,com.anhtin.tmdt.backend.modules.credit.repository
DebtOverdueScheduler,com.anhtin.tmdt.backend.modules.credit.scheduler
AgencyDebtService,com.anhtin.tmdt.backend.modules.credit.service
CreditService,com.anhtin.tmdt.backend.modules.credit.service
InterestScheduler,com.anhtin.tmdt.backend.modules.credit.service
CustomerController,com.anhtin.tmdt.backend.modules.customer.controller
CustomerGroupController,com.anhtin.tmdt.backend.modules.customer.controller
CustomerGroupRequest,com.anhtin.tmdt.backend.modules.customer.dto
CustomerRequest,com.anhtin.tmdt.backend.modules.customer.dto
CustomerGroup,com.anhtin.tmdt.backend.modules.customer.entity
CustomerGroupRepository,com.anhtin.tmdt.backend.modules.customer.repository
CustomerGroupService,com.anhtin.tmdt.backend.modules.customer.service
LoyaltyController,com.anhtin.tmdt.backend.modules.loyalty.controller
LoyaltyPoint,com.anhtin.tmdt.backend.modules.loyalty.entity
PointTransaction,com.anhtin.tmdt.backend.modules.loyalty.entity
PointTransactionType,com.anhtin.tmdt.backend.modules.loyalty.entity
LoyaltyPointRepository,com.anhtin.tmdt.backend.modules.loyalty.repository
PointTransactionRepository,com.anhtin.tmdt.backend.modules.loyalty.repository
LoyaltyService,com.anhtin.tmdt.backend.modules.loyalty.service
OrderController,com.anhtin.tmdt.backend.modules.order.controller
OrderDTO,com.anhtin.tmdt.backend.modules.order.dto
OrderItemDTO,com.anhtin.tmdt.backend.modules.order.dto
OrderItemRequest,com.anhtin.tmdt.backend.modules.order.dto
OrderRequest,com.anhtin.tmdt.backend.modules.order.dto
Order,com.anhtin.tmdt.backend.modules.order.entity
OrderItem,com.anhtin.tmdt.backend.modules.order.entity
OrderType,com.anhtin.tmdt.backend.modules.order.entity
PaymentStatus,com.anhtin.tmdt.backend.modules.order.entity
Transaction,com.anhtin.tmdt.backend.modules.order.entity
OrderRepository,com.anhtin.tmdt.backend.modules.order.repository
TransactionRepository,com.anhtin.tmdt.backend.modules.order.repository
OrderService,com.anhtin.tmdt.backend.modules.order.service
CommissionController,com.anhtin.tmdt.backend.modules.price.controller
PriceAssignmentVoucherController,com.anhtin.tmdt.backend.modules.price.controller
PriceListController,com.anhtin.tmdt.backend.modules.price.controller
PriceUpdateVoucherController,com.anhtin.tmdt.backend.modules.price.controller
CommissionConfigRequest,com.anhtin.tmdt.backend.modules.price.dto
PriceAssignmentVoucherRequest,com.anhtin.tmdt.backend.modules.price.dto
PriceListConditionRequest,com.anhtin.tmdt.backend.modules.price.dto
PriceListItemUpdateRequest,com.anhtin.tmdt.backend.modules.price.dto
PriceListRequest,com.anhtin.tmdt.backend.modules.price.dto
PriceUpdateVoucherRequest,com.anhtin.tmdt.backend.modules.price.dto
CommissionConfig,com.anhtin.tmdt.backend.modules.price.entity
PriceAssignmentVoucher,com.anhtin.tmdt.backend.modules.price.entity
PriceList,com.anhtin.tmdt.backend.modules.price.entity
PriceListCondition,com.anhtin.tmdt.backend.modules.price.entity
PriceListConditionType,com.anhtin.tmdt.backend.modules.price.entity
PriceListItem,com.anhtin.tmdt.backend.modules.price.entity
PriceUpdateVoucher,com.anhtin.tmdt.backend.modules.price.entity
PriceUpdateVoucherItem,com.anhtin.tmdt.backend.modules.price.entity
PriceUpdateVoucherPriceList,com.anhtin.tmdt.backend.modules.price.entity
CommissionConfigRepository,com.anhtin.tmdt.backend.modules.price.repository
PriceAssignmentVoucherRepository,com.anhtin.tmdt.backend.modules.price.repository
PriceListConditionRepository,com.anhtin.tmdt.backend.modules.price.repository
PriceListItemRepository,com.anhtin.tmdt.backend.modules.price.repository
PriceListRepository,com.anhtin.tmdt.backend.modules.price.repository
PriceUpdateVoucherItemRepository,com.anhtin.tmdt.backend.modules.price.repository
PriceUpdateVoucherPriceListRepository,com.anhtin.tmdt.backend.modules.price.repository
PriceUpdateVoucherRepository,com.anhtin.tmdt.backend.modules.price.repository
CommissionService,com.anhtin.tmdt.backend.modules.price.service
PriceAssignmentService,com.anhtin.tmdt.backend.modules.price.service
PriceListService,com.anhtin.tmdt.backend.modules.price.service
PriceUpdateVoucherService,com.anhtin.tmdt.backend.modules.price.service
AttributeController,com.anhtin.tmdt.backend.modules.product.controller
BrandController,com.anhtin.tmdt.backend.modules.product.controller
CategoryController,com.anhtin.tmdt.backend.modules.product.controller
ProductController,com.anhtin.tmdt.backend.modules.product.controller
ReviewController,com.anhtin.tmdt.backend.modules.product.controller
BrandRequest,com.anhtin.tmdt.backend.modules.product.dto
CategoryRequest,com.anhtin.tmdt.backend.modules.product.dto
FacetedSearchRequest,com.anhtin.tmdt.backend.modules.product.dto
ProductRequest,com.anhtin.tmdt.backend.modules.product.dto
ReviewRequest,com.anhtin.tmdt.backend.modules.product.dto
Attribute,com.anhtin.tmdt.backend.modules.product.entity
AttributeValue,com.anhtin.tmdt.backend.modules.product.entity
Brand,com.anhtin.tmdt.backend.modules.product.entity
Category,com.anhtin.tmdt.backend.modules.product.entity
Product,com.anhtin.tmdt.backend.modules.product.entity
ProductAttributeValue,com.anhtin.tmdt.backend.modules.product.entity
ProductImage,com.anhtin.tmdt.backend.modules.product.entity
ProductReview,com.anhtin.tmdt.backend.modules.product.entity
AttributeRepository,com.anhtin.tmdt.backend.modules.product.repository
AttributeValueRepository,com.anhtin.tmdt.backend.modules.product.repository
BrandRepository,com.anhtin.tmdt.backend.modules.product.repository
CategoryRepository,com.anhtin.tmdt.backend.modules.product.repository
ProductAttributeValueRepository,com.anhtin.tmdt.backend.modules.product.repository
ProductImageRepository,com.anhtin.tmdt.backend.modules.product.repository
ProductRepository,com.anhtin.tmdt.backend.modules.product.repository
ProductReviewRepository,com.anhtin.tmdt.backend.modules.product.repository
AttributeService,com.anhtin.tmdt.backend.modules.product.service
BrandService,com.anhtin.tmdt.backend.modules.product.service
CategoryService,com.anhtin.tmdt.backend.modules.product.service
ProductService,com.anhtin.tmdt.backend.modules.product.service
ReviewService,com.anhtin.tmdt.backend.modules.product.service
PromotionController,com.anhtin.tmdt.backend.modules.promotion.controller
PromotionRequest,com.anhtin.tmdt.backend.modules.promotion.dto
DiscountType,com.anhtin.tmdt.backend.modules.promotion.entity
Promotion,com.anhtin.tmdt.backend.modules.promotion.entity
PromotionStatus,com.anhtin.tmdt.backend.modules.promotion.entity
PromotionRepository,com.anhtin.tmdt.backend.modules.promotion.repository
PromotionService,com.anhtin.tmdt.backend.modules.promotion.service
AuthController,com.anhtin.tmdt.backend.modules.user.controller
JwtResponse,com.anhtin.tmdt.backend.modules.user.dto
LoginRequest,com.anhtin.tmdt.backend.modules.user.dto
RegisterRequest,com.anhtin.tmdt.backend.modules.user.dto
UserDTO,com.anhtin.tmdt.backend.modules.user.dto
Role,com.anhtin.tmdt.backend.modules.user.entity
User,com.anhtin.tmdt.backend.modules.user.entity
UserRepository,com.anhtin.tmdt.backend.modules.user.repository
UserService,com.anhtin.tmdt.backend.modules.user.service
